{"stats":{"minecraft:mined":{"minecraft:cobblestone":5,"minecraft:stone":9},"minecraft:custom":{"minecraft:time_since_rest":70541,"minecraft:sprint_one_cm":50236,"minecraft:walk_one_cm":195015,"minecraft:mob_kills":43,"minecraft:drop":2,"minecraft:damage_dealt":674,"minecraft:swim_one_cm":361,"minecraft:interact_with_crafting_table":1,"minecraft:fly_one_cm":546807,"minecraft:player_kills":1,"minecraft:open_chest":4,"minecraft:crouch_one_cm":1415,"minecraft:play_time":70541,"minecraft:sneak_time":870,"minecraft:walk_under_water_one_cm":2876,"minecraft:damage_dealt_resisted":427,"minecraft:jump":412,"minecraft:leave_game":2,"minecraft:time_since_death":70541,"minecraft:walk_on_water_one_cm":941,"minecraft:climb_one_cm":4827,"minecraft:total_world_time":70541,"minecraft:fall_one_cm":1430},"minecraft:killed":{"zombie_extreme:chainsaw":3,"minecraft:sheep":3,"minecraft:skeleton":2,"jeg:ghoul":1,"minecraft:zombie":4,"minecraft:pig":3,"minecraft:bee":2,"alexsmobs:cachalot_whale":1,"alexsmobs:grizzly_bear":1,"alexsmobs:terrapin":2,"alexsmobs:raccoon":2,"alexsmobs:gazelle":4,"alexsmobs:fly":1,"alexsmobs:skunk":1,"zombie_extreme:infected_police":1,"spore:volatile":1,"spore:wendigo":1,"minecraft:bat":1,"spore:claw":1,"minecraft:creeper":1,"minecraft:squid":2},"minecraft:picked_up":{"minecraft:stick":2,"spore:altered_spleen":1,"spore:armor_fragment":14,"minecraft:gravel":5,"minecraft:porkchop":1,"minecraft:gunpowder":2,"jeg:grenade":2,"minecraft:paper":1,"jeg:healing_talisman":1,"spore:claw_fragment":13,"minecraft:bone":1,"minecraft:arrow":1,"minecraft:rotten_flesh":10,"spore:mutated_fiber":6,"zombie_extreme:cloth":1,"minecraft:mutton":1,"minecraft:white_wool":1,"minecraft:cobblestone":45},"minecraft:used":{"mteg:walther_ppk":6,"mteg:baker_rifle":3,"minecraft:wooden_pickaxe":21,"jeg:holy_shotgun":6,"mteg:hellfire":70,"zombie_extreme:frying_pan":1,"mteg:flamer":966,"jeg:atlantean_spear":6,"zombie_extreme:canned_stew":1,"mteg:blue_heat":7,"mteg:mp5":14,"jeg:burst_rifle":45,"minecraft:cobblestone":1,"mteg:wrapped_rifle":109,"jeg:typhoonee":3,"jeg:revolver":44,"zombie_extreme:golf_club":4,"jeg:blossom_rifle":64,"mteg:ppsh_41":492,"mteg:flare_gun":17,"mteg:welrod":2,"jeg:bolt_action_rifle":3,"mteg:scar_l":11},"minecraft:dropped":{"tacz:modern_kinetic_gun":2}},"DataVersion":3465}