{"stats":{"minecraft:crafted":{"minecraft:oak_planks":12,"minecraft:crafting_table":1,"minecraft:stick":4,"minecraft:wooden_pickaxe":1,"minecraft:stone_pickaxe":1},"minecraft:mined":{"minecraft:oak_log":3,"minecraft:stone":7,"minecraft:fern":1},"minecraft:custom":{"minecraft:time_since_rest":64536,"minecraft:sprint_one_cm":1191,"minecraft:damage_taken":200,"minecraft:walk_one_cm":111520,"minecraft:mob_kills":5,"minecraft:drop":2,"minecraft:damage_dealt":47,"minecraft:interact_with_crafting_table":2,"minecraft:fly_one_cm":406281,"minecraft:open_barrel":2,"minecraft:open_chest":11,"minecraft:crouch_one_cm":480,"minecraft:play_time":70886,"minecraft:deaths":1,"minecraft:sneak_time":616,"minecraft:walk_under_water_one_cm":944,"minecraft:jump":149,"minecraft:damage_dealt_resisted":132,"minecraft:leave_game":1,"minecraft:time_since_death":64473,"minecraft:walk_on_water_one_cm":291,"minecraft:climb_one_cm":8635,"minecraft:total_world_time":70886,"minecraft:fall_one_cm":687},"minecraft:killed":{"minecraft:sheep":1,"alexsmobs:crocodile":1,"alexsmobs:blue_jay":1,"minecraft:zombie":1,"alexsmobs:crow":1},"minecraft:killed_by":{"minecraft:player":1},"minecraft:picked_up":{"spore:tumor":3,"spore:mutated_heart":3,"spore:cerebrum":7,"spore:armor_fragment":10,"minecraft:oak_log":3,"alexsmobs:crocodile_scute":1,"spore:innards":1,"spore:claw_fragment":8,"tacz:modern_kinetic_gun":1,"spore:mutated_fiber":20,"spore:spine_fragment":6,"minecraft:mutton":2,"flashlight:flashlightoff":1,"minecraft:white_wool":1,"minecraft:cobblestone":23},"minecraft:used":{"minecraft:redstone":3,"spore:claw_spawnegg":1,"minecraft:wooden_pickaxe":7,"spore:proto_spawnegg":1,"minecraft:redstone_block":4,"spore:verva_spawnegg":1,"minecraft:crafting_table":1,"spore:wendigo_spawnegg":1},"minecraft:dropped":{"flashlight:flashlightoff":1,"tacz:modern_kinetic_gun":1}},"DataVersion":3465}